{"RKneeX":{"0":-555.677,"1":-547.96,"2":-539.82,"3":-531.631,"4":-522.823,"5":-513.746,"6":-504.402,"7":-494.392,"8":-483.967,"9":-472.983,"10":-461.14,"11":-448.333,"12":-435.076,"13":-421.093,"14":-406.503,"15":-391.644,"16":-376.233,"17":-360.46,"18":-344.293,"19":-327.75},"RKneeY":{"0":480.023,"1":479.874,"2":479.686,"3":479.602,"4":479.479,"5":479.217,"6":478.892,"7":478.489,"8":478.366,"9":478.146,"10":477.976,"11":477.524,"12":476.987,"13":476.422,"14":475.669,"15":474.643,"16":473.54,"17":471.981,"18":470.34,"19":468.415},"RKneeZ":{"0":41.8394,"1":42.7045,"2":43.5183,"3":44.5015,"4":45.6446,"5":46.5213,"6":47.3841,"7":48.0662,"8":48.7241,"9":49.5365,"10":50.4699,"11":51.2446,"12":52.4084,"13":53.5628,"14":55.1058,"15":56.4277,"16":57.9615,"17":59.179,"18":60.3454,"19":61.5216},"RAnkleX":{"0":-732.819,"1":-731.231,"2":-729.341,"3":-727.164,"4":-725.063,"5":-722.751,"6":-719.954,"7":-716.008,"8":-712.323,"9":-708.144,"10":-703.288,"11":-697.956,"12":-691.974,"13":-684.979,"14":-677.389,"15":-669.358,"16":-661.097,"17":-653.234,"18":-644.271,"19":-634.046},"RAnkleY":{"0":93.2914,"1":95.617,"2":98.2915,"3":101.026,"4":104.007,"5":106.84,"6":110.229,"7":113.713,"8":117.308,"9":121.451,"10":125.818,"11":130.53,"12":135.19,"13":140.163,"14":145.379,"15":150.778,"16":156.815,"17":163.987,"18":171.506,"19":179.076},"RAnkleZ":{"0":-10.5325,"1":-9.29667,"2":-7.79643,"3":-6.31954,"4":-4.99614,"5":-3.60436,"6":-1.6535,"7":-0.55787,"8":0.98232,"9":2.41094,"10":4.01694,"11":5.33245,"12":6.44666,"13":7.76003,"14":8.80245,"15":9.5853,"16":10.4055,"17":11.2283,"18":11.1562,"19":11.0332},"LKneeX":{"0":-257.329,"1":-246.047,"2":-234.547,"3":-223.298,"4":-212.353,"5":-201.823,"6":-192.009,"7":-183.288,"8":-175.727,"9":-168.276,"10":-159.77,"11":-149.723,"12":-138.695,"13":-127.935,"14":-117.763,"15":-108.447,"16":-100.51,"17":-93.7062,"18":-87.6838,"19":-82.5054},"LKneeY":{"0":474.314,"1":474.59,"2":474.589,"3":474.429,"4":473.987,"5":473.258,"6":472.662,"7":473.032,"8":474.164,"9":475.76,"10":477.655,"11":480.141,"12":482.401,"13":484.123,"14":484.848,"15":484.818,"16":484.662,"17":484.201,"18":483.966,"19":483.803},"LKneeZ":{"0":-227.973,"1":-227.777,"2":-227.643,"3":-227.564,"4":-227.526,"5":-227.334,"6":-226.996,"7":-226.972,"8":-227.785,"9":-228.749,"10":-229.769,"11":-230.873,"12":-231.644,"13":-232.329,"14":-232.936,"15":-233.581,"16":-234.545,"17":-235.482,"18":-236.473,"19":-237.453},"LAnkleX":{"0":-111.135,"1":-106.863,"2":-104.211,"3":-102.554,"4":-101.776,"5":-100.722,"6":-96.7084,"7":-89.9379,"8":-82.8746,"9":-77.7625,"10":-75.5654,"11":-76.0296,"12":-76.9824,"13":-76.7378,"14":-74.4092,"15":-71.4999,"16":-69.7356,"17":-69.65,"18":-69.8962,"19":-69.6118},"LAnkleY":{"0":82.9258,"1":80.5369,"2":77.6135,"3":74.3944,"4":71.3756,"5":68.9795,"6":69.7604,"7":71.8465,"8":71.9105,"9":70.8329,"10":70.0185,"11":69.4714,"12":69.2403,"13":69.2837,"14":69.2405,"15":68.9718,"16":68.5227,"17":68.1688,"18":68.1933,"19":68.4476},"LAnkleZ":{"0":-196.103,"1":-194.288,"2":-192.818,"3":-191.316,"4":-190.06,"5":-187.445,"6":-186.697,"7":-187.794,"8":-188.345,"9":-189.058,"10":-189.781,"11":-190.303,"12":-190.637,"13":-190.837,"14":-190.985,"15":-191.15,"16":-191.156,"17":-191.17,"18":-191.146,"19":-191.114}}
